{
  "realm": "numidia",
  "enabled": true,
  "users": [
    {
      "username": "demo@numidia.dz",
      "enabled": true,
      "emailVerified": true,
      "firstName": "Demo",
      "lastName": "User",
      "credentials": [
        {
          "type": "password",
          "value": "Passw0rd!",
          "temporary": false
        }
      ]
    }
  ],
  "clients": [
    {
      "clientId": "frontend",
      "protocol": "openid-connect",
      "publicClient": true,
      "directAccessGrantsEnabled": true,
      "standardFlowEnabled": true,
      "redirectUris": ["*"],
      "webOrigins": ["*"]
    }
  ]
}
